{"cameraMode":{"drawMode":0,"name":"Shaded","section":"Shading Mode"},"sceneLighting":false,"audioPlay":false,"sceneViewState":{"m_AlwaysRefresh":false,"showFog":true,"showSkybox":false,"showFlares":true,"showImageEffects":true,"showParticleSystems":true,"showVisualEffectGraphs":true,"m_FxEnabled":true},"in2DMode":false,"pivot":{"x":-2.129885673522949,"y":1.4807416200637818,"z":0.7278639078140259},"rotation":{"x":0.15728899836540223,"y":0.7877811789512634,"z":-0.22466282546520234,"w":0.5515345931053162},"size":0.19617509841918946,"orthographic":false}